{
  "accra, ghana": [
    5.559284600000001,
    -0.1974306
  ],
  "addis ababa, ethiopia": [
    9.0191936,
    38.7524635
  ],
  "ahmedabad, india": [
    23.022505,
    72.5713621
  ],
  "algiers, algeria": [
    36.753768,
    3.0587561
  ],
  "amman, jordan": [
    31.9543786,
    35.9105776
  ],
  "amsterdam, netherlands": [
    52.3675734,
    4.9041389
  ],
  "amsterdam, nl": [
    52.3675734,
    4.9041389
  ],
  "antwerp, belgium": [
    51.2199302,
    4.414990299999999
  ],
  "asunci\u00f3n, paraguay": [
    -25.2748416,
    -57.6212403
  ],
  "athens, greece": [
    37.9838096,
    23.7275388
  ],
  "atlanta, usa": [
    33.7501275,
    -84.3885209
  ],
  "auckland, new zealand": [
    -36.85088270000001,
    174.7644881
  ],
  "austin, united states": [
    30.267153,
    -97.7430608
  ],
  "baghdad, iraq": [
    33.315241,
    44.3660671
  ],
  "baltimore, united states": [
    39.2905023,
    -76.6104072
  ],
  "bangalore, india": [
    12.9628669,
    77.57750899999999
  ],
  "bangkok, thailand": [
    13.7563309,
    100.5017651
  ],
  "barcelona, spain": [
    41.3873974,
    2.168568
  ],
  "beijing, china": [
    39.904211,
    116.407395
  ],
  "beirut, lebanon": [
    33.8937913,
    35.5017767
  ],
  "berlin, germany": [
    52.52000659999999,
    13.404954
  ],
  "bogot\u00e1, colombia": [
    4.710988599999999,
    -74.072092
  ],
  "boston, united states": [
    42.3555076,
    -71.0565364
  ],
  "bras\u00edlia, brazil": [
    -15.7975154,
    -47.89188739999999
  ],
  "brisbane, australia": [
    -27.4704528,
    153.0260341
  ],
  "brussels, belgium": [
    50.8260453,
    4.3802052
  ],
  "budapest, hungary": [
    47.497912,
    19.040235
  ],
  "buenos aires, argentina": [
    -34.6036739,
    -58.3821215
  ],
  "cairo, egypt": [
    30.0444196,
    31.2357116
  ],
  "cape town, south africa": [
    -33.922087,
    18.4231418
  ],
  "caracas, venezuela": [
    10.4805937,
    -66.9036062
  ],
  "casablanca, morocco": [
    33.5731104,
    -7.589843399999999
  ],
  "charlotte, united states": [
    35.2215548,
    -80.840116
  ],
  "chengdu, china": [
    30.5722599,
    104.0665099
  ],
  "chennai, india": [
    13.0843007,
    80.2704622
  ],
  "chicago, united states": [
    41.88325,
    -87.6323879
  ],
  "cologne, germany": [
    50.937531,
    6.9602786
  ],
  "colombo, sri lanka": [
    6.9270786,
    79.861243
  ],
  "columbus, united states": [
    39.9625112,
    -83.0032218
  ],
  "copenhagen, denmark": [
    55.6760968,
    12.5683371
  ],
  "c\u00f3rdoba, argentina": [
    -31.42008329999999,
    -64.1887761
  ],
  "dallas, united states": [
    32.7766642,
    -96.79698789999999
  ],
  "dar es salaam, tanzania": [
    -6.8165054,
    39.2894367
  ],
  "delhi, india": [
    28.7040592,
    77.10249019999999
  ],
  "den haag, nl": [
    52.0704978,
    4.3006999
  ],
  "denver, united states": [
    39.7392358,
    -104.990251
  ],
  "detroit, united states": [
    42.32971819999999,
    -83.0424533
  ],
  "dhaka, bangladesh": [
    23.804093,
    90.4152376
  ],
  "doha, qatar": [
    25.2854473,
    51.53103979999999
  ],
  "dubai, united arab emirates": [
    25.2048493,
    55.2707828
  ],
  "dublin, ireland": [
    53.3498053,
    -6.2603097
  ],
  "duinorp, netherlands": [
    52.132633,
    5.291265999999999
  ],
  "edinburgh, united kingdom": [
    55.953252,
    -3.188267
  ],
  "el paso, united states": [
    31.7618778,
    -106.4850217
  ],
  "florence, italy": [
    43.7699685,
    11.2576706
  ],
  "fort worth, united states": [
    32.7554883,
    -97.3307658
  ],
  "frankfurt, germany": [
    50.1109221,
    8.6821267
  ],
  "geneva, switzerland": [
    46.2043907,
    6.1431577
  ],
  "glasgow, united kingdom": [
    55.86167039999999,
    -4.2583345
  ],
  "guadalajara, mexico": [
    20.6751707,
    -103.3473385
  ],
  "guangzhou, china": [
    23.1290799,
    113.26436
  ],
  "guatemala city, guatemala": [
    14.6349149,
    -90.5068824
  ],
  "habana, cuba": [
    23.133865,
    -82.3585654
  ],
  "hamburg, germany": [
    53.5488282,
    9.987170299999999
  ],
  "hanoi, vietnam": [
    21.0277644,
    105.8341598
  ],
  "havana, cuba": [
    23.133865,
    -82.3585654
  ],
  "helsinki, finland": [
    60.16985569999999,
    24.938379
  ],
  "ho chi minh city, vietnam": [
    10.8230989,
    106.6296638
  ],
  "hong kong, china": [
    22.3193039,
    114.1693611
  ],
  "houston, united states": [
    29.7600771,
    -95.37011079999999
  ],
  "hyderabad, india": [
    17.406498,
    78.47724389999999
  ],
  "indianapolis, united states": [
    39.76909,
    -86.158018
  ],
  "islamabad, pakistan": [
    33.699619,
    73.036187
  ],
  "istanbul, turkey": [
    41.0082376,
    28.9783589
  ],
  "jacksonville, united states": [
    30.3297566,
    -81.6591529
  ],
  "jakarta, indonesia": [
    -6.1944491,
    106.8229198
  ],
  "jerusalem, israel": [
    31.7768831,
    35.22243460000001
  ],
  "kabul, afghanistan": [
    34.5553494,
    69.207486
  ],
  "karachi, pakistan": [
    24.8607343,
    67.0011364
  ],
  "kathmandu, nepal": [
    27.7103145,
    85.3221634
  ],
  "kingston, jamaica": [
    18.0178743,
    -76.8099041
  ],
  "kuala lumpur, malaysia": [
    3.1319197,
    101.6840589
  ],
  "la paz, bolivia": [
    -16.494359,
    -68.1212091
  ],
  "lagos, nigeria": [
    6.5243793,
    3.3792057
  ],
  "las vegas, united states": [
    36.171563,
    -115.1391009
  ],
  "lima, peru": [
    -12.0466888,
    -77.04308859999999
  ],
  "lisbon, portugal": [
    38.7222524,
    -9.1393366
  ],
  "london, united kingdom": [
    51.5072178,
    -0.1275862
  ],
  "los angeles, united states": [
    34.0549076,
    -118.242643
  ],
  "louisville, united states": [
    38.2468618,
    -85.7663724
  ],
  "lyon, france": [
    45.764043,
    4.835659
  ],
  "madrid, espana": [
    40.41672790000001,
    -3.7032905
  ],
  "madrid, spain": [
    40.41672790000001,
    -3.7032905
  ],
  "manchester, united kingdom": [
    53.4807593,
    -2.2426305
  ],
  "manila, philippines": [
    14.5995133,
    120.984234
  ],
  "marseille, france": [
    43.3025742,
    5.369074299999999
  ],
  "medell\u00edn, colombia": [
    6.2476376,
    -75.56581530000001
  ],
  "melbourne, australia": [
    -37.8136276,
    144.9630576
  ],
  "memphis, united states": [
    35.1485812,
    -90.0518955
  ],
  "mexico city, mexico": [
    19.4326077,
    -99.133208
  ],
  "milan, italy": [
    45.468503,
    9.182402699999999
  ],
  "monterrey, mexico": [
    25.6866142,
    -100.3161126
  ],
  "montevideo, uruguay": [
    -34.9055016,
    -56.1851147
  ],
  "montreal, canada": [
    45.5018869,
    -73.56739189999999
  ],
  "moscow, russia": [
    55.7568721,
    37.6150527
  ],
  "mumbai, india": [
    18.9581934,
    72.8320729
  ],
  "munich, germany": [
    48.1351253,
    11.5819806
  ],
  "nairobi, kenya": [
    -1.2920659,
    36.8219462
  ],
  "naples, italy": [
    40.8517983,
    14.26812
  ],
  "nashville, united states": [
    36.1626638,
    -86.7816016
  ],
  "new york, united states": [
    40.7127753,
    -74.0059728
  ],
  "new york, usa": [
    40.7127753,
    -74.0059728
  ],
  "nice, france": [
    43.7101728,
    7.261953200000001
  ],
  "oklahoma city, united states": [
    35.4688692,
    -97.519539
  ],
  "oslo, norway": [
    59.9138688,
    10.7522454
  ],
  "ottawa, canada": [
    45.4200572,
    -75.7003397
  ],
  "panama city, panama": [
    8.9823792,
    -79.51986959999999
  ],
  "paris, france": [
    48.8575475,
    2.3513765
  ],
  "paris, francia": [
    48.8575475,
    2.3513765
  ],
  "perth, australia": [
    -31.9513993,
    115.8616783
  ],
  "philadelphia, united states": [
    39.9525839,
    -75.1652215
  ],
  "phoenix, united states": [
    33.4482266,
    -112.0776781
  ],
  "playa abades, tenerife": [
    28.1419,
    -16.4406
  ],
  "port-au-prince, haiti": [
    18.5363875,
    -72.34654200000001
  ],